类型,级次,科目编码,科目名称,助记码,外币币种,计量单位,辅助账类型,账页格式,余额方向,是否借方科目,是否贷方科目
资产,1,1001,现金,,,,,金额式,借,是,是,
资产,2,100101,现金-人民币,,,,,金额式,借,是,是,
资产,2,100102,现金-美元,,,,,金额式,借,是,是,
资产,2,100103,现金-港币,,,,,金额式,借,是,是,
资产,2,100104,现金二-人民币,,,,,金额式,借,是,是,
资产,2,100110,现金-销售款备用金,,,,,金额式,借,是,是,
资产,2,100199,现金-虚拟现金,,,,,金额式,借,是,是,
资产,1,1002,银行存款,,,,,金额式,借,是,是,
资产,2,100207108,银行存款-中行浦东分行RMB银票户,,,,,金额式,借,是,是,
资产,2,100207111,银行存款-中行浦东分行RMB基本户,,,,,金额式,借,是,是,
资产,2,100207112,银行存款-中行浦东分行RMB一般户,,,,,金额式,借,是,是,
资产,2,100207122,银行存款-中行浦东分行USD结算户,,,,,金额式,借,是,是,
资产,2,100207131,银行存款-中行浦东分HKD资本金户,,,,,金额式,借,是,是,
资产,2,100207132,银行存款-中行浦东分行HKD结算户,,,,,金额式,借,是,是,
资产,2,100207133,银行存款-中行浦东分行HKD定期户,,,,,金额式,借,是,是,
资产,2,100207134,银行存款-中行浦东分行HKD外债户,,,,,金额式,借,是,是,
资产,2,100207207,银行存款-中行金茂分RMB冻结帐户,,,,,金额式,借,是,是,
资产,2,100207211,银行存款-中行金茂分RMB基本帐户,,,,,金额式,借,是,是,
资产,2,100207212,银行存款-中行金茂分RMB一般帐户,,,,,金额式,借,是,是,
资产,2,100207213,银行存款-中行金茂分RMB定期帐户,,,,,金额式,借,是,是,
资产,2,100207214,银行存款-中行金茂分RMB按揭帐户,,,,,金额式,借,是,是,
资产,2,100207218,银行存款-中行金茂分RMB保证金户,,,,,金额式,借,是,是,
资产,2,100207232,银行存款-中行金茂分HKD结算帐户,,,,,金额式,借,是,是,
资产,2,100207233,银行存款-中行金茂分HKD定期帐户,,,,,金额式,借,是,是,
资产,2,100207234,银行存款-中行金茂分HKD外债专户,,,,,金额式,借,是,是,
资产,2,100207331,银行存款-中行金茂分HKD资本金户,,,,,金额式,借,是,是,
资产,2,100207412,银行存款-中行江苏省分行一般帐户,,,,,金额式,借,是,是,
资产,2,100207417,银行存款-中行河西分行销售监管户,,,,,金额式,借,是,是,
资产,2,100207512,银行存款-中行昆山支行RMB一般户,,,,,金额式,借,是,是,
资产,2,100207514,银行存款-中行昆山支行RMB贷款户,,,,,金额式,借,是,是,
资产,2,100207522,银行存款-中行昆山支行USD结算户,,,,,金额式,借,是,是,
资产,2,100207542,银行存款-中行昆山支行EUR结算户,,,,,金额式,借,是,是,
资产,2,100207552,银行存款-中行昆山支行AUD结算户,,,,,金额式,借,是,是,
资产,2,100207562,银行存款-中行昆山支行NZD结算户,,,,,金额式,借,是,是,
资产,2,100208121,银行存款-中行浦口支USD资本金户,,,,,金额式,借,是,是,
资产,2,100209110,银行存款-中行绥芬河支RMB临时户,,,,,金额式,借,是,是,
资产,2,100210017,银行存款-工行虹桥支RMB还本付息户,,,,,金额式,借,是,是,
资产,2,100210117,银行存款-工行虹桥支RMB工程款专户,,,,,金额式,借,是,是,
资产,2,100211112,银行存款-工行虹桥支行RMB一般户,,,,,金额式,借,是,是,
资产,2,100211114,银行存款-工行虹桥支行RMB按揭户,,,,,金额式,借,是,是,
资产,2,100211116,银行存款-工行虹桥支行RMB验资户,,,,,金额式,借,是,是,
资产,2,100211117,银行存款-工行虹桥支行RMB监管户（庄园帐套：销售款专户）,,,,,金额式,借,是,是,
资产,2,100211118,银行存款-工行虹桥支行RMB保证金,,,,,金额式,借,是,是,
资产,2,100211119,银行存款-工行虹桥支RMB信用证户,,,,,金额式,借,是,是,
资产,2,100211122,银行存款-工行虹桥支行USD结算户,,,,,金额式,借,是,是,
资产,2,100211123,银行存款-工行虹桥支行USD定期户,,,,,金额式,借,是,是,
资产,2,100211128,银行存款-工行虹桥支行USD保证金,,,,,金额式,借,是,是,
资产,2,100211131,银行存款-工行虹桥支行HKD资本金,,,,,金额式,借,是,是,
资产,2,100211134,银行存款-工行虹桥支行HKD外债户,,,,,金额式,借,是,是,
资产,2,100212111,银行存款-工行浦东分行RMB基本户,,,,,金额式,借,是,是,
资产,2,100212112,银行存款-工行浦东分行RMB一般户,,,,,金额式,借,是,是,
资产,2,100212121,银行存款-工行浦东分行USD资本金,,,,,金额式,借,是,是,
资产,2,100212122,银行存款-工行浦东分行USD结算户,,,,,金额式,借,是,是,
资产,2,100212211,银行存款-工行金茂支行RMB基本户,,,,,金额式,借,是,是,
资产,2,100212212,银行存款-工行金茂支行RMB一般户,,,,,金额式,借,是,是,
资产,2,100213111,银行存款-工行下关中山桥支行RMB基本户,,,,,金额式,借,是,是,
资产,2,100213212,银行存款-工行鼓楼支行RMB一般户,,,,,金额式,借,是,是,
资产,2,100215211,银行存款-建行黄浦支行RMB基本户,,,,,金额式,借,是,是,
资产,2,100216111,银行存款-建行第一支行RMB基本户,,,,,金额式,借,是,是,
资产,2,100216112,银行存款-建行第一支行RMB一般户,,,,,金额式,借,是,是,
资产,2,100216211,银行存款-建行第二支行RMB基本户,,,,,金额式,借,是,是,
资产,2,100216216,银行存款-建行第二支行RMB验资户,,,,,金额式,借,是,是,
资产,2,100216312,银行存款-建行卢湾支行RMB一般户,,,,,金额式,借,是,是,
资产,2,100217212,银行存款-建行金茂分RMB一般帐户,,,,,金额式,借,是,是,
资产,2,100217307,银行存款-建行东方路支行监管户,,,,,金额式,借,是,是,
资产,2,100217312,银行存款-建行东方路RMB一般帐户,,,,,金额式,借,是,是,
资产,2,100217317,银行存款-建行东方路支行监管户（贷款）,,,,,金额式,借,是,是,
资产,2,100217318,银行存款-建行东方路支行保证金户,,,,,金额式,借,是,是,
资产,2,100217331,银行存款-建行东方路支行外币资本金户,,,,,金额式,借,是,是,
资产,2,100217415,银行存款-建行临平路RMB纳税帐户,,,,,金额式,借,是,是,
资产,2,100217512,银行存款-建行延平路RMB一般户,,,,,金额式,借,是,是,
资产,2,100217624,银行存款-建行静安支行USD外债户,,,,,金额式,借,是,是,
资产,2,100217707,银行存款-建行常熟支城中分RMB冻结户,,,,,金额式,借,是,是,
资产,2,100217711,银行存款-建行昆山亭林分RMB基本户,,,,,金额式,借,是,是,
资产,2,100217712,银行存款-建行常熟支城中分RMB一般户,,,,,金额式,借,是,是,
资产,2,100217722,银行存款-建行昆山支行USD结算户,,,,,金额式,借,是,是,
资产,2,100217811,银行存款-建行汉阳支行RMB基本户,,,,,金额式,借,是,是,
资产,2,100220312,银行存款-农行卢湾支行RMB一般户,,,,,金额式,借,是,是,
资产,2,100222112,银行存款-农行浦东分行RMB一般户,,,,,金额式,借,是,是,
资产,2,100222115,银行存款-农行浦东分行RMB纳税户,,,,,金额式,借,是,是,
资产,2,100222312,银行存款-农行杨思支行RMB一般户,,,,,金额式,借,是,是,
资产,2,100222415,银行存款-农行金桥支行RMB纳税户,,,,,金额式,借,是,是,
资产,2,100222517,银行存款-农行昆山前进支行RMB纳税户,,,,,金额式,借,是,是,
资产,2,100222617,银行存款-农行常熟兴福支行纳税户,,,,,金额式,借,是,是,
资产,2,100225107,银行存款-交行市分行RMB冻结帐户,,,,,金额式,借,是,是,
资产,2,100225111,银行存款-交行市分行RMB基本帐户,,,,,金额式,借,是,是,
资产,2,100225112,银行存款-交行市分行RMB一般帐户,,,,,金额式,借,是,是,
资产,2,100225118,银行存款-交行市分行RMB保证金户,,,,,金额式,借,是,是,
资产,2,100227411,银行存款-交行金桥支行RMB基本户,,,,,金额式,借,是,是,
资产,2,100228111,银行存款-交行松江支行RMB基本户,,,,,金额式,借,是,是,
资产,2,100228121,银行存款-交行松江支行USD资本金,,,,,金额式,借,是,是,
资产,2,100229112,银行存款-交行下关支行RMB一般户,,,,,金额式,借,是,是,
资产,2,100233115,银行存款-中信昆山开发支行RMB地税户,,,,,金额式,借,是,是,
资产,2,100233116,银行存款-中信昆山开发支行RMB社保户,,,,,金额式,借,是,是,
资产,2,100235212,银行存款-浦发黄浦支行RMB一般户,,,,,金额式,借,是,是,
资产,2,100235215,银行存款-浦发黄浦支行RMB纳税户,,,,,金额式,借,是,是,
资产,2,100237512,银行存款-浦发陆家嘴支行RMB一般,,,,,金额式,借,是,是,
资产,2,100237515,银行存款-浦发陆家嘴支行RMB纳税,,,,,金额式,借,是,是,
资产,2,100237522,银行存款-浦发陆家嘴支行USD结算,,,,,金额式,借,是,是,
资产,2,100237611,银行存款-浦发常熟支行RMB基本户,,,,,金额式,借,是,是,
资产,2,100237612,银行存款-浦发南京分行RMB一般户,,,,,金额式,借,是,是,
资产,2,100238111,银行存款-浦发昆山支行RMB基本户,,,,,金额式,借,是,是,
资产,2,100238112,银行存款－浦发昆山支行RMB一般户,,,,,金额式,借,是,是,
资产,2,100240112,银行存款-福建兴业分行RMB一般户,,,,,金额式,借,是,是,
资产,2,100240118,银行存款-福建兴业分行RMB保证金,,,,,金额式,借,是,是,
资产,2,100241101,银行存款-福兴华山支行RMB通知03,,,,,金额式,借,是,是,
资产,2,100241102,银行存款-福兴华山支行RMB通知87,,,,,金额式,借,是,是,
资产,2,100241103,银行存款-福兴华山支行RMB通知66,,,,,金额式,借,是,是,
资产,2,100241104,银行存款-福兴华山支行RMB通知17,,,,,金额式,借,是,是,
资产,2,100241108,银行存款-福兴华山支行RMB银票户,,,,,金额式,借,是,是,
资产,2,100241112,银行存款-福兴华山支行RMB一般户,,,,,金额式,借,是,是,
资产,2,100241117,银行存款-兴业华山支行RMB监管户,,,,,金额式,借,是,是,
资产,2,100242112,银行存款-福兴浦东支行RMB一般户,,,,,金额式,借,是,是,
资产,2,100245110,银行存款-深发展市分行RMB动迁户,,,,,金额式,借,是,是,
资产,2,100245112,银行存款-深发展市分行RMB一般户,,,,,金额式,借,是,是,
资产,2,100245113,银行存款-深发展市分行RMB定期户,,,,,金额式,借,是,是,
资产,2,100245114,银行存款-深发展市分行RMB按揭户,,,,,金额式,借,是,是,
资产,2,100245115,银行存款-深发展上海市分行RMB临时户,,,,,金额式,借,是,是,
资产,2,100245118,银行存款-深发展分行RMB保证金户,,,,,金额式,借,是,是,
资产,2,100245138,银行存款-深发展市分行HKD质押户,,,,,金额式,借,是,是,
资产,2,100246112,银行存款-深发展外滩支RMB一般户,,,,,金额式,借,是,是,
资产,2,100246113,银行存款-深发展外滩支RMB定期户,,,,,金额式,借,是,是,
资产,2,100251101,银行存款-上海天宝支行RMB通知82,,,,,金额式,借,是,是,
资产,2,100251102,银行存款-上海天宝支行RMB通知02,,,,,金额式,借,是,是,
资产,2,100251110,银行存款-上海天宝支行RMB临时户(专户）,,,,,金额式,借,是,是,
资产,2,100251111,银行存款-上海天宝支行RMB基本户,,,,,金额式,借,是,是,
资产,2,100251112,银行存款-上海天宝支行RMB一般户,,,,,金额式,借,是,是,
资产,2,100251118,银行存款-上海天宝支RMB保证金户,,,,,金额式,借,是,是,
资产,2,100251134,银行存款-上海天宝支HKD外债专户,,,,,金额式,借,是,是,
资产,2,100255112,银行存款-民生华山支行RMB一般户,,,,,金额式,借,是,是,
资产,2,100255116,银行存款-民生华山支行RMB验资户,,,,,金额式,借,是,是,
资产,2,100257112,银行存款-民生浦东支行RMB一般户,,,,,金额式,借,是,是,
资产,2,100260101,银行存款-华夏普陀支行RMB通知户,,,,,金额式,借,是,是,
资产,2,100260112,银行存款-华夏普陀支行RMB一般户,,,,,金额式,借,是,是,
资产,2,100260118,银行存款-华夏普陀支行RMB保证金,,,,,金额式,借,是,是,
资产,2,100266112,银行存款-光大市南支行RMB一般户,,,,,金额式,借,是,是,
资产,2,100266118,银行存款-光大市南支RMB保证金户,,,,,金额式,借,是,是,
资产,2,100270112,银行存款-汇丰上海分行RMB一般户,,,,,金额式,借,是,是,
资产,2,100275812,银行存款-广发武汉分行RMB一般户,,,,,金额式,借,是,是,
资产,2,100277112,银行存款－南京商行热河支行RMB一般户,,,,,金额式,借,是,是,
资产,2,100277212,银行存款－南京商行鸡鸣寺支行RMB一般户,,,,,金额式,借,是,是,
资产,2,100279112,银行存款-昆山农商行营业部RMB一般户,,,,,金额式,借,是,是,
资产,2,100285112,银行存款-渣打上海分行RMB一般户,,,,,金额式,借,是,是,
资产,2,100290112,银行存款－南京招行湖南路支行RMB一般户,,,,,金额式,借,是,是,
资产,2,100299999,银行存款－临时户,,,,,金额式,借,是,是,
资产,1,1009,其他货币资金,,,,,金额式,借,是,是,
资产,2,100901,其他货币资金-外埠存款,,,,,金额式,借,是,是,
资产,2,100902,其他货币资金-银行本票,,,,,金额式,借,是,是,
资产,2,100903,其他货币资金-银行汇票,,,,,金额式,借,是,是,
资产,2,100904101,其他货币资金-信用卡工行一支行,,,,,金额式,借,是,是,
资产,2,100905,其他货币资金-信用保证金,,,,,金额式,借,是,是,
资产,2,100906,其他货币资金-存出投资款,,,,,金额式,借,是,是,
资产,2,100907072,其他货币资金-POS机收款中行金茂,,,,,金额式,借,是,是,
资产,2,100907111,其他货币资金-POS机收款工行虹桥,,,,,金额式,借,是,是,
资产,2,100907211,其他货币资金-POS机收款兴业华山,,,,,金额式,借,是,是,
资产,2,100907451,其他货币资金-POS机收款深发分行,,,,,金额式,借,是,是,
资产,1,1101,短期投资,,,,,金额式,借,是,是,
资产,2,110101,短期投资-股票,,,,,金额式,借,是,是,
资产,2,110102,短期投资-债券,,,,,金额式,借,是,是,
资产,2,110103,短期投资-基金,,,,,金额式,借,是,是,
资产,2,110104,短期投资-委托贷款,,,,,金额式,借,是,是,
资产,1,1111,应收票据,,,,,金额式,借,是,是,
资产,2,111101,应收票据-商业承兑汇票,,,,,金额式,借,是,是,
资产,2,111102,应收票据-银行承兑汇票,,,,,金额式,借,是,是,
资产,1,1121,应收股利,,,,,金额式,借,是,是,
资产,2,112101,应收股利-上海,,,,,金额式,借,是,是,
资产,3,112101101,应收股利-上海世茂投资发展公司,,,,,金额式,借,是,是,
资产,3,112101102,应收股利-上海世茂房地产公司,,,,,金额式,借,是,是,
资产,3,112101103,应收股利-上海世茂股份公司,,,,,金额式,借,是,是,
资产,3,112101104,应收股利-上海世茂建设公司,,,,,金额式,借,是,是,
资产,3,112101105,应收股利-上海世茂国际广场公司,,,,,金额式,借,是,是,
资产,3,112101106,应收股利-上海梅森休闲健身CLUB,,,,,金额式,借,是,是,
资产,3,112101107,应收股利-上海世茂企业发展公司,,,,,金额式,借,是,是,
资产,3,112101108,应收股利-上海世茂湖滨房地产,,,,,金额式,借,是,是,
资产,3,112101109,应收股利-上海世茂北外滩开发,,,,,金额式,借,是,是,
资产,3,112101110,应收股利-上海世茂庄园置业公司,,,,,金额式,借,是,是,
资产,3,112101201,应收股利-北京世茂投资发展公司,,,,,金额式,借,是,是,
资产,3,112101202,应收股利-北京紫竹花园房地产,,,,,金额式,借,是,是,
资产,3,112101203,应收股利-北京京奥房地产开发,,,,,金额式,借,是,是,
资产,3,112101204,应收股利-北京宝发建筑安装公司,,,,,金额式,借,是,是,
资产,3,112101205,应收股利-北京松榆园房地产公司,,,,,金额式,借,是,是,
资产,3,112101206,应收股利-北京首创朝阳房地产,,,,,金额式,借,是,是,
资产,3,112101207,应收股利-北京邦住房地产咨询,,,,,金额式,借,是,是,
资产,2,112102,应收股利-北京,,,,,金额式,借,是,是,
资产,1,1122,应收利息,,,,,金额式,借,是,是,
资产,2,1131,应收帐款,,,,,金额式,借,是,是,
资产,2,113101,应收帐款-公寓,,,,,金额式,借,是,是,
资产,3,113101001,应收帐款-公寓销售应收收入,,,,,金额式,借,是,是,
资产,3,113101006,应收帐款-6号楼公寓销售应收收入,,,,,金额式,借,是,是,
资产,3,113101007,应收帐款-7号楼公寓销售应收收入,,,,,金额式,借,是,是,
资产,2,113102,应收帐款-别墅,,,,,金额式,借,是,是,
资产,3,113102001,应收帐款-别墅销售应收收入,,,,,金额式,借,是,是,
资产,3,113102002,应收帐款-联体别墅销售应收收入,,,,,金额式,借,是,是,
资产,3,113104001,应收帐款-酒店销售应收收入,,,,,金额式,借,是,是,
资产,3,113105001,应收帐款-办公楼销售应收收入,,,,,金额式,借,是,是,
资产,3,113106001,应收帐款-车位销售应收收入,,,,,金额式,借,是,是,
资产,3,113107001,应收帐款-会籍销售应收收入,,,,,金额式,借,是,是,
资产,2,1133,其他应收款,,,,,金额式,借,是,是,
资产,3,113301,其他应收款-员工日常备用金借款,,,,,金额式,借,是,是,
资产,3,113302,其他应收款-工程押金,,,,,金额式,借,是,是,
资产,3,113303,其他应收款-行政押金（办公室租金押金）,,,,,金额式,借,是,是,
资产,3,113321,其他应收款-员工临时借款,,,,,金额式,借,是,是,
资产,3,113322,其他应收款-考察活动备用金,,,,,金额式,借,是,是,
资产,3,113331,其他应收款-福建振狮建筑装潢,,,,,金额式,借,是,是,
资产,3,113349,其他应收款-工程类垫付款,,,,,金额式,借,是,是,
资产,3,113350,其他应收款-物业管理开办费,,,,,金额式,借,是,是,
资产,3,113351,其他应收款-其他垫付款,,,,,金额式,借,是,是,
资产,3,113352,其他应收款-物业管理补贴款,,,,,金额式,借,是,是,
资产,3,113360,其他应收款-虹口区政府,,,,,金额式,借,是,是,
资产,3,113399,其他应收款-世茂企业代垫费用,,,,,金额式,借,是,是,
资产,4,113399101,其他应收款-上海世茂投资发展,,,,,金额式,借,是,是,
资产,4,113399102,其他应收款-上海世茂房地产公司,,,,,金额式,借,是,是,
资产,4,113399103,其他应收款-上海世茂股份公司,,,,,金额式,借,是,是,
资产,4,113399104,其他应收款-上海世茂建设公司,,,,,金额式,借,是,是,
资产,4,113399105,其他应收款-上海世茂国际广场,,,,,金额式,借,是,是,
资产,4,113399106,其他应收款上海梅森休闲健身CLUB,,,,,金额式,借,是,是,
资产,4,113399107,其他应收款-上海世茂企业发展,,,,,金额式,借,是,是,
资产,4,113399108,其他应收款-上海世茂湖滨房地产,,,,,金额式,借,是,是,
资产,4,113399109,其他应收款-上海世茂北外滩开发,,,,,金额式,借,是,是,
资产,4,113399110,其他应收款-上海世茂庄园置业,,,,,金额式,借,是,是,
资产,4,113399111,其他应收款-上海世茂建设福州分,,,,,金额式,借,是,是,
资产,4,113399112,其他应收款-上海世茂房地产公二,,,,,金额式,借,是,是,
资产,4,113399113,其他应收款－世茂第一太平物业有限公司,,,,,金额式,借,是,是,
资产,4,113399201,其他应收款-北京世茂投资发展,,,,,金额式,借,是,是,
资产,4,113399202,其他应收款-北京紫竹花园房地产,,,,,金额式,借,是,是,
资产,4,113399203,其他应收款-北京京奥房地产开发,,,,,金额式,借,是,是,
资产,4,113399204,其他应收款-北京宝发建筑安装,,,,,金额式,借,是,是,
资产,4,113399205,其他应收款-北京松榆园房地产,,,,,金额式,借,是,是,
资产,4,113399206,其他应收款-北京首创朝阳房地产,,,,,金额式,借,是,是,
资产,4,113399207,其他应收款-北京邦住房地产咨询,,,,,金额式,借,是,是,
资产,4,113399208,其他应收款-北京会祚房产开发有限公司,,,,,金额式,借,是,是,
资产,4,113399209,其他应收款-北京中兴瑞泰投资发展有限公司,,,,,金额式,借,是,是,
资产,4,113399210,其他应收款-北京恒实建筑安装,,,,,金额式,借,是,是,
资产,4,113399301,其他应收款-石狮振狮开发建设,,,,,金额式,借,是,是,
资产,4,113399302,其他应收款-石狮振狮大酒店公司,,,,,金额式,借,是,是,
资产,4,113399303,其他应收款-闽南黄金海岸度假村,,,,,金额式,借,是,是,
资产,4,113399304,其他应收款-武夷山市武夷度假村,,,,,金额式,借,是,是,
资产,4,113399305,其他应收款-福建世茂投资福州分,,,,,金额式,借,是,是,
资产,4,113399306,其他应收款-福建世茂投资发展,,,,,金额式,借,是,是,
资产,4,113399307,其他应收款-福建世茂投资南京分,,,,,金额式,借,是,是,
资产,4,113399308,其他应收款-深圳市辉煌建筑公司,,,,,金额式,借,是,是,
资产,4,113399309,其他应收款-哈尔滨项目,,,,,金额式,借,是,是,
资产,4,113399310,其他应收款-绥芬河项目,,,,,金额式,借,是,是,
资产,4,113399311,其他应收款-成都项目,,,,,金额式,借,是,是,
资产,4,113399312,其他应收款-南京世茂房地产开发,,,,,金额式,借,是,是,
资产,4,113399402,其他应收款-昆山华鼎世茂房地产,,,,,金额式,借,是,是,
资产,4,113399403,其他应收款-常熟世茂房地产开发,,,,,金额式,借,是,是,
资产,4,113399404,其他应收款-武汉世茂房地产开发,,,,,金额式,借,是,是,
资产,4,113399901,其他应收款-世茂房地产控股,,,,,金额式,借,是,是,
资产,4,113399902,其他应收款-世茂集团控股(香港),,,,,金额式,借,是,是,
资产,4,113399903,其他应收款-YEAR GRANT INV,,,,,金额式,借,是,是,
资产,4,113399904,其他应收款-VAST UNION INV,,,,,金额式,借,是,是,
资产,4,113399905,其他应收款-DOUBLE ACHIEVE,,,,,金额式,借,是,是,
资产,4,113399906,其他应收款-MEGA UVIVERSE LTD.,,,,,金额式,借,是,是,
资产,4,113399907,其他应收款-PEAK CASTLE ASSETS,,,,,金额式,借,是,是,
资产,4,113399908,其他应收款-SIGNIFICANT ASSETS,,,,,金额式,借,是,是,
资产,4,113399909,其他应收款-BEST EMPIRE INV,,,,,金额式,借,是,是,
资产,4,113399910,其他应收款-PMHL,,,,,金额式,借,是,是,
资产,4,113399911,其他应收款－Vicking International Limited,,,,,金额式,借,是,是,
资产,4,113399912,其他应收款-世茂（创世纪）有限公司,,,,,金额式,借,是,是,
资产,4,113399991,其他应收款-待定公司1,,,,,金额式,借,是,是,
资产,4,113399992,其他应收款-待定公司2,,,,,金额式,借,是,是,
资产,1,1501,固定资产,,,,,金额式,借,是,是,
资产,2,150101,固定资产-建筑物,,,,,金额式,借,是,是,
资产,2,150102,固定资产-电脑系统,,,,,金额式,借,是,是,
资产,2,150103,固定资产-电器及设备,,,,,金额式,借,是,是,
资产,2,150104,固定资产-家具用品,,,,,金额式,借,是,是,
资产,2,150105,固定资产-交通工具,,,,,金额式,借,是,是,
资产,1,1502,累计折旧,,,,,金额式,借,是,是,
资产,2,150201,累计折旧-建筑物,,,,,金额式,借,是,是,
资产,2,150202,累计折旧-电脑系统,,,,,金额式,借,是,是,
资产,2,150203,累计折旧-电器及设备,,,,,金额式,借,是,是,
资产,2,150204,累计折旧-家具用品,,,,,金额式,借,是,是,
资产,2,150205,累计折旧-交通工具,,,,,金额式,借,是,是,
资产,1,1505,固定资产减值准备,,,,,金额式,借,是,是,
资产,2,150501,固定资产减值准备-建筑物,,,,,金额式,借,是,是,
资产,2,150502,固定资产减值准备-电脑系统,,,,,金额式,借,是,是,
资产,2,150503,固定资产减值准备-电器及设备,,,,,金额式,借,是,是,
资产,2,150504,固定资产减值准备-家具用品,,,,,金额式,借,是,是,
资产,2,150505,固定资产减值准备-交通工具,,,,,金额式,借,是,是,
资产,1,1510,长期待摊费用,,,,,金额式,借,是,是,
资产,2,15100,长期待摊费用-广告费,,,,,金额式,借,是,是,
资产,3,151001001,长期待摊费用-电视广告费,,,,,金额式,借,是,是,
资产,3,151002001,长期待摊费用-报纸广告费,,,,,金额式,借,是,是,
资产,3,151003001,长期待摊费用-杂志广告费,,,,,金额式,借,是,是,
资产,3,151004001,长期待摊费用-灯箱广告费,,,,,金额式,借,是,是,
资产,3,151006001,长期待摊费用-广告牌广告费,,,,,金额式,借,是,是,
资产,3,151007001,长期待摊费用-展览费用,,,,,金额式,借,是,是,
资产,3,151008001,长期待摊费用-模型制作费用,,,,,金额式,借,是,是,
资产,1,1603,在建工程,,,,,金额式,借,是,是,
资产,2,160301,在建工程-土地,,,,,金额式,借,是,是,
资产,3,160301001,在建工程-土地使用权出让金,,,,,金额式,借,是,是,
资产,3,160301002,在建工程-土地动拆迁费,,,,,金额式,借,是,是,
资产,3,160301004,在建工程-土地交易登记费,,,,,金额式,借,是,是,
资产,3,160301005,在建工程-土地前期工程,,,,,金额式,借,是,是,
资产,3,160301009,在建工程-土地使用权出让契税,,,,,金额式,借,是,是,
资产,2,160302,在建工程-设计,,,,,金额式,借,是,是,
资产,3,160302001,在建工程-境内设计费,,,,,金额式,借,是,是,
资产,3,160302002,在建工程-境外设计费,,,,,金额式,借,是,是,
资产,3,160302003,在建工程-园林景观设计费,,,,,金额式,借,是,是,
资产,3,160302004,在建工程-泛光照明设计费,,,,,金额式,借,是,是,
资产,2,160303,在建工程-顾问,,,,,金额式,借,是,是,
资产,3,160303001,在建工程-工料估算师费,,,,,金额式,借,是,是,
资产,3,160303002,在建工程-机电顾问费,,,,,金额式,借,是,是,
资产,3,160303003,在建工程-精装修设计顾问费,,,,,金额式,借,是,是,
资产,3,160303004,在建工程-降低噪音设计顾问费,,,,,金额式,借,是,是,
资产,3,160303011,在建工程-钢结构顾问费,,,,,金额式,借,是,是,
资产,3,160303012,在建工程-玻璃幕墙顾问费,,,,,金额式,借,是,是,
资产,3,160303018,在建工程-档案管理顾问费,,,,,金额式,借,是,是,
资产,3,160303021,在建工程-专题论证费,,,,,金额式,借,是,是,
资产,3,160303031,在建工程-酒店技术服务费,,,,,金额式,借,是,是,
资产,3,160303099,在建工程-其他技术服务费,,,,,金额式,借,是,是,
资产,2,160304,在建工程-监理,,,,,金额式,借,是,是,
资产,3,160304001,在建工程-施工监理费,,,,,金额式,借,是,是,
资产,3,160304002,在建工程-设计监理费,,,,,金额式,借,是,是,
资产,2,160305,在建工程-地质,,,,,金额式,借,是,是,
资产,3,160305001,在建工程-地质勘察费,,,,,金额式,借,是,是,
资产,3,160305002,在建工程-项目试验测试费,,,,,金额式,借,是,是,
资产,2,160306,在建工程-政府,,,,,金额式,借,是,是,
资产,3,160306001,在建工程-施工证照费,,,,,金额式,借,是,是,
资产,3,160306002,在建工程-政府施工监管及测量费,,,,,金额式,借,是,是,
资产,2,160307,在建工程-配套,,,,,金额式,借,是,是,
资产,3,160307001,在建工程-供电系统费用,,,,,金额式,借,是,是,
资产,3,160307002,在建工程-供水系统费用,,,,,金额式,借,是,是,
资产,3,160307003,在建工程-排水系统费用,,,,,金额式,借,是,是,
资产,3,160307004,在建工程-电话系统费用,,,,,金额式,借,是,是,
资产,3,160307005,在建工程-燃气系统费用,,,,,金额式,借,是,是,
资产,3,160307011,在建工程-交通系统费用,,,,,金额式,借,是,是,
资产,3,160307021,在建工程-有线电视系统费用,,,,,金额式,借,是,是,
资产,3,160307031,在建工程-宽带系统,,,,,金额式,借,是,是,
资产,3,160307091,在建工程-其他配套系统费用,,,,,金额式,借,是,是,
资产,2,160308,在建工程-建设,,,,,金额式,借,是,是,
资产,3,160308001,在建工程-土建工程,,,,,金额式,借,是,是,
资产,3,160308002,在建工程-桩基工程,,,,,金额式,借,是,是,
资产,3,160308003,在建工程-机电工程,,,,,金额式,借,是,是,
资产,3,160308004,在建工程-空调工程,,,,,金额式,借,是,是,
资产,3,160308005,在建工程-弱电工程,,,,,金额式,借,是,是,
资产,3,160308007,在建工程-电梯工程,,,,,金额式,借,是,是,
资产,3,160308009,在建工程-装修工程,,,,,金额式,借,是,是,
资产,3,160308011,在建工程-会所工程,,,,,金额式,借,是,是,
资产,3,160308013,在建工程-样板房工程,,,,,金额式,借,是,是,
资产,3,160308015,在建工程-绿化工程,,,,,金额式,借,是,是,
资产,3,160308017,在建工程-室外工程,,,,,金额式,借,是,是,
资产,3,160308019,在建工程-地下室工程,,,,,金额式,借,是,是,
资产,3,160308021,在建工程-幕墙工程,,,,,金额式,借,是,是,
资产,3,160308051,在建工程-零星工程,,,,,金额式,借,是,是,
资产,3,160308901,在建工程-晒图费,,,,,金额式,借,是,是,
资产,3,160308902,在建工程-工程水电费,,,,,金额式,借,是,是,
资产,3,160308903,在建工程-外围围墙工程,,,,,金额式,借,是,是,
资产,3,160308904,在建工程-临房工程,,,,,金额式,借,是,是,
资产,3,160308905,在建工程-仓库租金支出,,,,,金额式,借,是,是,
资产,3,160308951,在建工程-工程保险费,,,,,金额式,借,是,是,
负债,1,2101,短期借款,,,,,金额式,借,是,是,
负债,1,2111,应付票据,,,,,金额式,借,是,是,
负债,1,2121,应付账款,,,,,金额式,借,是,是,
负债,2,212101,应付账款-土地及动迁类帐款,,,,,金额式,借,是,是,
负债,2,212121,应付账款-工程建造类帐款,,,,,金额式,借,是,是,
负债,2,212122,应付账款-工程建造类预提款,,,,,金额式,借,是,是,
负债,3,212122001,应付账款-一建工程款,,,,,金额式,借,是,是,
负债,3,212122002,应付账款-工程款,,,,,金额式,借,是,是,
负债,2,212141,应付账款-行政费用类帐款,,,,,金额式,借,是,是,
负债,1,2181,其他应付款,,,,,金额式,借,是,是,
负债,2,218101,其他应付款-预售合同登记费,,,,,金额式,借,是,是,
负债,2,218102,其他应付款-抵押公证费,,,,,金额式,借,是,是,
负债,2,218103,其他应付款-预售合同公证费,,,,,金额式,借,是,是,
负债,2,218104,其他应付款-按揭保险费,,,,,金额式,借,是,是,
负债,2,218105,其他应付款-抵押登记费,,,,,金额式,借,是,是,
负债,2,218106,其他应付款-委托书公证费,,,,,金额式,借,是,是,
负债,2,218107,其他应付款-委托大理石装修款,,,,,金额式,借,是,是,
负债,2,218108,其他应付款-客户购楼溢交款,,,,,金额式,借,是,是,
负债,2,218109,其他应付款-车位销售暂收款,,,,,金额式,借,是,是,
负债,2,218111,其他应付款-招标押金,,,,,金额式,借,是,是,
负债,2,218112,其他应付款-保险费,,,,,金额式,借,是,是,
负债,2,218113,其他应付款-各项押金,,,,,金额式,借,是,是,
负债,2,218114,其他应付款-主卧装饰框装修款,,,,,金额式,借,是,是,
负债,2,218115,其他应付款-金粉漆门框装修款,,,,,金额式,借,是,是,
负债,2,218116,其他应付款-代收代付,,,,,金额式,借,是,是,
负债,3,218116101,其他应付款-代收天然气表具款,,,,,金额式,借,是,是,
负债,3,218116102,其他应付款-代收天然气设施费,,,,,金额式,借,是,是,
负债,3,218116103,其他应付款-代收电表表具款,,,,,金额式,借,是,是,
负债,3,218116104,其他应付款-代收有线电视开通费,,,,,金额式,借,是,是,
负债,3,218116201,其他应付款-代收楼宇文件登记费,,,,,金额式,借,是,是,
负债,3,218116202,其他应付款-代收楼宇契税,,,,,金额式,借,是,是,
负债,3,218116203,其他应付款-代收楼宇合同印花税,,,,,金额式,借,是,是,
负债,3,218116204,其他应付款-代收楼宇权证印花税,,,,,金额式,借,是,是,
负债,3,218116205,其他应付款-代收楼宇配图费,,,,,金额式,借,是,是,
负债,3,218116206,其他应付款-代收房屋交接书公证,,,,,金额式,借,是,是,
负债,3,218116207,其他应付款-代收楼宇物业管理费,,,,,金额式,借,是,是,
负债,3,218116301,其他应付款-代收车位文件登记费,,,,,金额式,借,是,是,
负债,3,218116302,其他应付款-代收车位契税,,,,,金额式,借,是,是,
负债,3,218116303,其他应付款-代收车位合同印花税,,,,,金额式,借,是,是,
负债,3,218116304,其他应付款-代收车位交易费,,,,,金额式,借,是,是,
负债,3,218116305,其他应付款-代收车位合同公证费,,,,,金额式,借,是,是,
负债,3,218116306,其他应付款-代收车位交接书公证,,,,,金额式,借,是,是,
负债,3,218116307,其他应付款-代收车位物业管理费,,,,,金额式,借,是,是,
负债,3,218116308,其他应付款-代收车位交易手续费,,,,,金额式,借,是,是,
负债,3,218116309,其他应付款-代收车位配图费,,,,,金额式,借,是,是,
负债,3,218116310,其他应付款-代收款项2,,,,,金额式,借,是,是,
负债,3,218116311,其他应付款-代收款项3,,,,,金额式,借,是,是,
负债,3,218116312,其他应付款-代收款项4,,,,,金额式,借,是,是,
负债,3,218116313,其他应付款-代收款项5,,,,,金额式,借,是,是,
负债,3,218116314,其他应付款-代收款项6,,,,,金额式,借,是,是,
负债,3,218116315,其他应付款-代收款项7,,,,,金额式,借,是,是,
负债,3,218116316,其他应付款-代收款项8,,,,,金额式,借,是,是,
负债,3,218116317,其他应付款-代收款项9,,,,,金额式,借,是,是,
负债,3,218116318,其他应付款-代收款项10,,,,,金额式,借,是,是,
负债,3,218116319,其他应付款-代收款项11,,,,,金额式,借,是,是,
负债,3,218116320,其他应付款-代收款项12,,,,,金额式,借,是,是,
负债,2,218118,其他应付款-预约金,,,,,金额式,借,是,是,
负债,3,218118101,其他应付款-贵宾卡预约金,,,,,金额式,借,是,是,
负债,3,218118102,其他应付款-小定预约金,,,,,金额式,借,是,是,
负债,3,218118103,其他应付款-大定预约金,,,,,金额式,借,是,是,
负债,3,218118104,其他应付款-7号楼大定预约金,,,,,金额式,借,是,是,
负债,3,218118106,其他应付款-6号楼大定预约金,,,,,金额式,借,是,是,
负债,3,218118131,其他应付款-1号楼置业会代办费,,,,,金额式,借,是,是,
负债,3,218118132,其他应付款-2号楼置业会代办费,,,,,金额式,借,是,是,
成本,3,218118135,其他应付款-5号楼置业会代办费,,,,,金额式,借,是,是,
成本,1,4101,开发成本,,,,,金额式,借,是,是,
成本,2,410101,开发成本-土地,,,,,金额式,借,是,是,
成本,3,410101001,开发成本-土地使用权出让金,,,,,金额式,借,是,是,
成本,3,410101002,开发成本-土地动拆迁费,,,,,金额式,借,是,是,
成本,3,410101003,开发成本-土地使用金（费）,,,,,金额式,借,是,是,
成本,3,410101009,开发成本-土地使用权出让契税,,,,,金额式,借,是,是,
成本,2,410102,开发成本-设计,,,,,金额式,借,是,是,
成本,3,410102001,开发成本-境外设计费,,,,,金额式,借,是,是,
成本,3,410102002,开发成本-境内设计费,,,,,金额式,借,是,是,
成本,3,410102003,开发成本-园林景观设计费,,,,,金额式,借,是,是,
成本,3,410102004,开发成本-泛光照明设计,,,,,金额式,借,是,是,
成本,3,410102005,开发成本-会所设计费,,,,,金额式,借,是,是,
成本,2,410103,开发成本-顾问,,,,,金额式,借,是,是,
成本,3,410103001,开发成本-工料估算师费,,,,,金额式,借,是,是,
成本,3,410103002,开发成本-机电顾问费,,,,,金额式,借,是,是,
成本,3,410103003,开发成本-精装修设计顾问费,,,,,金额式,借,是,是,
成本,3,410103004,开发成本-降低噪音设计顾问费,,,,,金额式,借,是,是,
成本,3,410103011,开发成本-钢结构顾问费,,,,,金额式,借,是,是,
成本,3,410103012,开发成本-玻璃幕墙顾问费,,,,,金额式,借,是,是,
成本,3,410103018,开发成本-档案管理顾问费,,,,,金额式,借,是,是,
成本,3,410103021,开发成本-专题论证费,,,,,金额式,借,是,是,
成本,3,410103031,开发成本-酒店技术服务费,,,,,金额式,借,是,是,
成本,3,410103099,开发成本-其他技术服务费,,,,,金额式,借,是,是,
成本,2,410104,开发成本-监理,,,,,金额式,借,是,是,
成本,3,410104001,开发成本-施工监理费,,,,,金额式,借,是,是,
成本,3,410104002,开发成本-设计监理费,,,,,金额式,借,是,是,
成本,2,410105,开发成本-地质,,,,,金额式,借,是,是,
成本,3,410105001,开发成本-地质勘探费,,,,,金额式,借,是,是,
成本,3,410105002,开发成本-项目试验测试费,,,,,金额式,借,是,是,
,2,410106,开发成本-政府,,,,,,,是,是,
,3,410106001,开发成本-施工证照费,,,,,,,是,是,
,3,410106002,开发成本-政府施工监管及测量费,,,,,,,是,是,
成本,2,410107,开发成本-配套,,,,,金额式,借,是,是,
成本,3,410107001,开发成本-供电系统费用,,,,,金额式,借,是,是,
成本,3,410107002,开发成本-供水系统费用,,,,,金额式,借,是,是,
成本,3,410107003,开发成本-排水系统费用,,,,,金额式,借,是,是,
成本,3,410107004,开发成本-电话系统费用,,,,,金额式,借,是,是,
成本,3,410107005,开发成本-燃气系统费用,,,,,金额式,借,是,是,
成本,3,410107011,开发成本-交通系统费用,,,,,金额式,借,是,是,
成本,3,410107021,开发成本-有线电视系统费用,,,,,金额式,借,是,是,
成本,3,410107031,开发成本-宽带系统,,,,,金额式,借,是,是,
成本,3,410107091,开发成本-其他配套系统费用,,,,,金额式,借,是,是,
成本,2,410108,开发成本-建设,,,,,金额式,借,是,是,
成本,3,410108001,开发成本-桩基工程,,,,,金额式,借,是,是,
成本,3,410108002,开发成本-土建工程,,,,,金额式,借,是,是,
成本,3,410108003,开发成本-机电工程,,,,,金额式,借,是,是,
成本,3,410108004,开发成本-空调工程,,,,,金额式,借,是,是,
成本,3,410108005,开发成本-弱电工程,,,,,金额式,借,是,是,
成本,3,410108007,开发成本-电梯工程,,,,,金额式,借,是,是,
成本,3,410108009,开发成本-装修工程,,,,,金额式,借,是,是,
成本,3,410108011,开发成本-会所工程,,,,,金额式,借,是,是,
成本,3,410108013,开发成本-样板房工程,,,,,金额式,借,是,是,
成本,3,410108015,开发成本-绿化工程,,,,,金额式,借,是,是,
成本,3,410108017,开发成本-室外工程,,,,,金额式,借,是,是,
成本,3,410108019,开发成本-地下室工程,,,,,金额式,借,是,是,
成本,3,410108021,开发成本-幕墙工程,,,,,金额式,借,是,是,
成本,3,410108051,开发成本-零星工程,,,,,金额式,借,是,是,
成本,3,410108901,开发成本-晒图费,,,,,金额式,借,是,是,
成本,3,410108902,开发成本-工程水电费,,,,,金额式,借,是,是,
成本,3,410108903,开发成本-外围围墙工程,,,,,金额式,借,是,是,
成本,3,410108904,开发成本-临房工程,,,,,金额式,借,是,是,
成本,3,410108905,开发成本-仓库租金支出,,,,,金额式,借,是,是,
成本,3,410108906,开发成本-工程保险费,,,,,金额式,借,是,是,
成本,1,4107,开发间接费用,,,,,金额式,借,是,是,
成本,2,410701001,开发间接费用-电视广告费,,,,,金额式,借,是,是,
成本,2,410702001,开发间接费用-报纸广告费,,,,,金额式,借,是,是,
成本,2,410703001,开发间接费用-杂志广告费,,,,,金额式,借,是,是,
成本,2,410704001,开发间接费用-灯箱广告费,,,,,金额式,借,是,是,
成本,2,410706001,开发间接费用-广告牌广告费,,,,,金额式,借,是,是,
成本,2,410707001,开发间接费用-展览费用,,,,,金额式,借,是,是,
成本,2,410708001,开发间接费用-模型制作费用,,,,,金额式,借,是,是,
成本,2,410709001,开发间接费用-置业会活动费用,,,,,金额式,借,是,是,
成本,2,410710001,开发间接费用-网上交易费用,,,,,金额式,借,是,是,
成本,2,410711001,开发间接费用-中介公司佣金,,,,,金额式,借,是,是,
成本,2,410711002,开发间接费用-销售员特别奖励,,,,,金额式,借,是,是,
成本,2,410721001,开发间接费用-样板房装修费用,,,,,金额式,借,是,是,
成本,2,410722001,开发间接费用-样板房装饰费用,,,,,金额式,借,是,是,
成本,2,410723,开发间接费用-物业,,,,,金额式,借,是,是,
成本,3,410723001,开发间接费用-物业顾问费用,,,,,金额式,借,是,是,
成本,3,410723002,开发间接费用-前期物业管理费,,,,,金额式,借,是,是,
成本,3,410723003,开发间接费用-会所物业管理费,,,,,金额式,借,是,是,
成本,3,410723004,开发间接费用-FPD物业管理费,,,,,金额式,借,是,是,
成本,3,410723005,开发间接费用-DTZ物业管理费,,,,,金额式,借,是,是,
成本,3,410723099,开发间接费用-住房维修基金,,,,,金额式,借,是,是,
成本,2,410724001,开发间接费用-登记代理手续费,,,,,金额式,借,是,是,
成本,2,410725001,开发间接费用-按揭贴息,,,,,金额式,借,是,是,
成本,2,410730001,开发间接费用-宣传费用,,,,,金额式,借,是,是,
成本,2,410731,开发间接费用-薪金,,,,,金额式,借,是,是,
成本,3,410731001,开发间接费用-员工工资,,,,,金额式,借,是,是,
成本,3,410731002,开发间接费用-奖金,,,,,金额式,借,是,是,
成本,3,410731003,开发间接费用-聘用费,,,,,金额式,借,是,是,
成本,3,410731004,开发间接费用-外籍员工工资,,,,,金额式,借,是,是,
成本,2,410732,开发间接费用-福利,,,,,金额式,借,是,是,
成本,3,410732001,开发间接费用-福利费,,,,,金额式,借,是,是,
成本,3,410732002,开发间接费用-养老保险,,,,,金额式,借,是,是,
成本,3,410732003,开发间接费用-医疗保险,,,,,金额式,借,是,是,
成本,3,410732004,开发间接费用-失业保险,,,,,金额式,借,是,是,
成本,3,410732005,开发间接费用-公积金,,,,,金额式,借,是,是,
成本,3,410732006,开发间接费用-劳动保护费,,,,,金额式,借,是,是,
成本,3,410732007,开发间接费用-劳动保险费,,,,,金额式,借,是,是,
成本,3,410732008,开发间接费用-工伤保险,,,,,金额式,借,是,是,
成本,3,410732009,开发间接费用-生育保险,,,,,金额式,借,是,是,
成本,3,410732010,开发间接费用-服装费,,,,,金额式,借,是,是,
成本,3,410732011,开发间接费用-误餐费,,,,,金额式,借,是,是,
成本,2,410733,开发间接费用-其他福利,,,,,金额式,借,是,是,
成本,3,410733001,开发间接费用-职工教育经费,,,,,金额式,借,是,是,
成本,3,410733011,开发间接费用-员工手机费用,,,,,金额式,借,是,是,
成本,3,410733012,开发间接费用-宿舍租金及费用,,,,,金额式,借,是,是,
成本,3,410733021,开发间接费用-招聘费用,,,,,金额式,借,是,是,
成本,2,410734,开发间接费用-布置,,,,,金额式,借,是,是,
成本,3,410734001,开发间接费用-印刷费,,,,,金额式,借,是,是,
成本,3,410734002,开发间接费用-书报费,,,,,金额式,借,是,是,
成本,3,410734003,开发间接费用-会务费,,,,,金额式,借,是,是,
成本,3,410734004,开发间接费用-摆花费,,,,,金额式,借,是,是,
成本,3,410734005,开发间接费用-饮用水及相关费用,,,,,金额式,借,是,是,
成本,3,410734006,开发间接费用-邮递及快递费,,,,,金额式,借,是,是,
成本,3,410734009,开发间接费用-杂费支出,,,,,金额式,借,是,是,
成本,2,410735,开发间接费用-办公,,,,,金额式,借,是,是,
成本,3,410735001,开发间接费用-办公室租金,,,,,金额式,借,是,是,
成本,3,410735002,开发间接费用-办公室物业管理费,,,,,金额式,借,是,是,
成本,3,410735003,开发间接费用-办公室水电费,,,,,金额式,借,是,是,
成本,3,410735004,开发间接费用-办公用品,,,,,金额式,借,是,是,
成本,3,410735011,开发间接费用-办公室安保费用,,,,,金额式,借,是,是,
成本,2,410736,开发间接费用-差旅,,,,,金额式,借,是,是,
成本,3,410736001,开发间接费用-市内交通费用,,,,,金额式,借,是,是,
成本,3,410736002,开发间接费用-境内外埠差旅费,,,,,金额式,借,是,是,
成本,3,410736003,开发间接费用-境外差旅费,,,,,金额式,借,是,是,
成本,3,410736009,开发间接费用-考察活动差旅费,,,,,金额式,借,是,是,
成本,2,410737,开发间接费用-汽车,,,,,金额式,借,是,是,
成本,3,410737001,开发间接费用-汽车维修保养费用,,,,,金额式,借,是,是,
成本,3,410737002,开发间接费用-汽车保险费用,,,,,金额式,借,是,是,
成本,3,410737003,开发间接费用-汽车养路费,,,,,金额式,借,是,是,
成本,3,410737004,开发间接费用-汽车停车及路桥费,,,,,金额式,借,是,是,
成本,3,410737005,开发间接费用-汽油费用,,,,,金额式,借,是,是,
成本,2,410738,开发间接费用-电话,,,,,金额式,借,是,是,
成本,3,410738001,开发间接费用-电话基本费用,,,,,金额式,借,是,是,
成本,3,410738002,开发间接费用-电话市内费用,,,,,金额式,借,是,是,
成本,3,410738003,开发间接费用-电话国内长途费用,,,,,金额式,借,是,是,
成本,3,410738004,开发间接费用-电话国际长途费用,,,,,金额式,借,是,是,
成本,3,410738009,开发间接费用-电话安装费用,,,,,金额式,借,是,是,
成本,2,410739,开发间接费用-办公室,,,,,金额式,借,是,是,
成本,3,410739001,开发间接费用-办公室装修费,,,,,金额式,借,是,是,
成本,3,410739002,开发间接费用-办公室日常维修费,,,,,金额式,借,是,是,
成本,3,410739003,开发间接费用-办公设备维修费用,,,,,金额式,借,是,是,
成本,3,410739004,开发间接费用-低值耐用性物品,,,,,金额式,借,是,是,
成本,2,410740,开发间接费用-董事会费,,,,,金额式,借,是,是,
成本,2,410741,开发间接费用-业务,,,,,金额式,借,是,是,
成本,3,410741001,开发间接费用-业务招待费,,,,,金额式,借,是,是,
成本,3,410741009,开发间接费用-考察活动交际费,,,,,金额式,借,是,是,
成本,2,410742,开发间接费用-顾问,,,,,金额式,借,是,是,
成本,3,410742001,开发间接费用-法律顾问费,,,,,金额式,借,是,是,
成本,3,410742002,开发间接费用-税务顾问费,,,,,金额式,借,是,是,
成本,3,410742003,开发间接费用-会计顾问费,,,,,金额式,借,是,是,
成本,3,410742004,开发间接费用-银行监管费,,,,,金额式,借,是,是,
成本,3,410742005,开发间接费用-银行证照费,,,,,金额式,借,是,是,
成本,3,410742011,开发间接费用-诉讼费用,,,,,金额式,借,是,是,
成本,3,410742051,开发间接费用-管理咨询费,,,,,金额式,借,是,是,
成本,2,410743,开发间接费用-税费,,,,,金额式,借,是,是,
成本,3,410743001,开发间接费用-印花税,,,,,金额式,借,是,是,
成本,3,410743002,开发间接费用-车船使用税,,,,,金额式,借,是,是,
成本,3,410743003,开发间接费用-房产税,,,,,金额式,借,是,是,
成本,3,410743004,开发间接费用-契税,,,,,金额式,借,是,是,
成本,3,410743005,开发间接费用-营业税,,,,,金额式,借,是,是,
成本,3,410743006,开发间接费用-城建维护税,,,,,金额式,借,是,是,
成本,3,410743007,开发间接费用-教育费附加,,,,,金额式,借,是,是,
成本,3,410743008,开发间接费用-堤防维护费,,,,,金额式,借,是,是,
成本,3,410743009,开发间接费用-义务兵优待金,,,,,金额式,借,是,是,
成本,3,410743010,开发间接费用-河道维护费,,,,,金额式,借,是,是,
成本,3,410743011,开发间接费用-土地使用金(费),,,,,金额式,借,是,是,
成本,3,410743021,开发间接费用-证照及年检费,,,,,金额式,借,是,是,
成本,3,410743022,开发间接费用-义植树统筹绿化费,,,,,金额式,借,是,是,
成本,3,410743023,开发间接费用-车位产证手续费,,,,,金额式,借,是,是,
成本,2,410744,开发间接费用-摊销,,,,,金额式,借,是,是,
成本,3,410744001,开发间接费用-固定资产折旧费,,,,,金额式,借,是,是,
成本,3,410744011,开发间接费用-固定资产清理费,,,,,金额式,借,是,是,
成本,3,410744021,开发间接费用-开办费摊销,,,,,金额式,借,是,是,
成本,3,410744031,开发间接费用-递延支出摊销,,,,,金额式,借,是,是,
成本,3,410744041,开发间接费用-低值易耗品摊销,,,,,金额式,借,是,是,
成本,3,410744051,开发间接费用-无形资产摊销,,,,,金额式,借,是,是,
成本,2,410745,开发间接费用-损失,,,,,金额式,借,是,是,
成本,3,410745001,开发间接费用-坏帐损失,,,,,金额式,借,是,是,
成本,3,410745011,开发间接费用-存货盘亏损失,,,,,金额式,借,是,是,
成本,3,410745021,开发间接费用-存货跌价损失,,,,,金额式,借,是,是,
成本,2,410755,开发间接费用-金融,,,,,金额式,借,是,是,
成本,3,410755001,开发间接费用-银行存款利息收入,,,,,金额式,借,是,是,
成本,3,410755101,开发间接费用-银行贷款利息支出,,,,,金额式,借,是,是,
成本,3,410755102,开发间接费用-股东贷款利息支出,,,,,金额式,借,是,是,
成本,3,410755103,开发间接费用-融资咨询费用,,,,,金额式,借,是,是,
成本,3,410755201,开发间接费用-银行手续费,,,,,金额式,借,是,是,
成本,3,410755301,开发间接费用-汇兑损益,,,,,金额式,借,是,是,
